Workbook

Sheet E.g. March
B2: Day | C2: Client | D2: Client Code | E2: Project | F2: Project Phase | G2: Time (Hours) | H2: $ Amount | I2: Activity Description | L2: Time | M2: Equivalent | O2: Rate per hour | P2: 40 | Q2: *Change by your hourly rate
A3: Example | B3: 05.03.2025 | C3: Metropolitan | D3: =VLOOKUP(C3,'Naming Convention'!$B$3:$C$10,2,0) -> MET | E3: INT - Brand & Offering Development | F3: Proposal | G3: 1 | H3: =G3*$P$2 -> 40 | I3: Presentation to client | L3: 60 minutes | M3: 1
D4: =VLOOKUP(C4,'Naming Convention'!$B$3:$C$10,2,0) -> #N/A | H4: =G4*$P$2 -> 0 | L4: 30 minutes | M4: 0.5
D5: =VLOOKUP(C5,'Naming Convention'!$B$3:$C$10,2,0) -> #N/A | H5: =G5*$P$2 -> 0 | L5: 15 minutes | M5: 0.25
D6: =VLOOKUP(C6,'Naming Convention'!$B$3:$C$10,2,0) -> #N/A | H6: =G6*$P$2 -> 0 | L6: x minutes | M6: x/60
D7: =VLOOKUP(C7,'Naming Convention'!$B$3:$C$10,2,0) -> #N/A | H7: =G7*$P$2 -> 0
D8: =VLOOKUP(C8,'Naming Convention'!$B$3:$C$10,2,0) -> #N/A | H8: =G8*$P$2 -> 0
D9: =VLOOKUP(C9,'Naming Convention'!$B$3:$C$10,2,0) -> #N/A | H9: =G9*$P$2 -> 0
D10: =VLOOKUP(C10,'Naming Convention'!$B$3:$C$10,2,0) -> #N/A | H10: =G10*$P$2 -> 0
D11: =VLOOKUP(C11,'Naming Convention'!$B$3:$C$10,2,0) -> #N/A | H11: =G11*$P$2 -> 0
H12: =G12*$P$2 -> 0
A17: TOTAL | G17: =SUM(G3:G16) -> 1 | H17: =SUM(H3:H16) -> 40

Sheet Naming Convention
B2: Clients | C2: Client Code
B3: Metropolitan | C3: MET
B4: Laurel AG | C4: LAG
B5: BrainDead | C5: BD
B6: Dittmar | C6: DIT
B7: StoneGoff | C7: SG
B8: Internal (Markman Group) | C8: INT
B9: Dirty Soda | C9: DS
B10: Other | C10: OTH
B12: Projects
B13: MET - Current State Assessment
B14: MET - Deal Cloud Quick Wins
B15: LAG - Proposal Application
B16: LAG - Rental Application
B17: DIT - AP Automation
B18: INT - Brand & Offering Development
B19: BD - Data & Reporting Solution
B20: DS - Dirty Soda
B22: Project Phase
B23: Proposal
B24: Assessment
... B28: Support & Maintenance
